domain,severity,public_comment
13bells.com,suspend,iftas:hate-speech;online-harassment
1611.social,suspend,iftas:hate-speech;online-harassment
5dollah.click,suspend,iftas:cariad66
802.3ether.net,suspend,iftas:spam;farming
9kb.me,suspend,iftas:disinformation;cib;spam
abyss.fun,silence,iftas:disinformation;cib;spam
activitypub-proxy.cf,suspend,"iftas:service-abuse, iftas:cariad66"
activitypub-troll.cf,suspend,"iftas:service-abuse, iftas:cariad80"
aethy.com,suspend,"iftas:csam, iftas:cariad66"
annihilation.social,suspend,iftas:cariad80
armpit.space,suspend,iftas:hate-speech;spam
asbestos.cafe,suspend,iftas:cariad66
aud.invalid,suspend,iftas:canary
bae.st,suspend,"iftas:hate-speech;online-harassment, iftas:cariad80"
baraag.net,suspend,"iftas:csam, iftas:cariad80"
beefyboys.win,suspend,"iftas:hate-speech, iftas:cariad80"
bird.makeup,suspend,iftas:cariad66
boymoder.biz,suspend,iftas:online-harassment
breastmilk.club,suspend,iftas:cariad66
brighteon.social,suspend,"iftas:disinformation, iftas:cariad80"
burggit.moe,suspend,"iftas:csam, iftas:cariad66"
cachapa.xyz,suspend,iftas:cariad66
cariad.invalid,suspend,iftas:canary
cawfee.club,suspend,"iftas:csam, iftas:cariad66"
channels.im,suspend,iftas:spam;farming
childlove.space,suspend,"iftas:csam, iftas:cariad66"
childlove.su,suspend,"iftas:csam, iftas:cariad66"
chinanews.social,suspend,iftas:disinformation;cib;spam
chudbuds.lol,suspend,iftas:cariad80
circus.town,silence,iftas:disinformation;cib;spam
clew.lol,suspend,"iftas:hate-speech;online-harassment, iftas:cariad80"
closednetwork.social,silence,iftas:disinformation;cib;spam
clubcyberia.co,suspend,iftas:cariad80
compassion.host,suspend,iftas:disinformation;cib;spam
computational.agency,suspend,iftas:disinformation;cib;spam
cottoncandy.cafe,suspend,iftas:csam
crazylab.online,suspend,iftas:disinformation;cib;spam
croquis.moe,suspend,iftas:csam
cum.camp,suspend,iftas:cariad66
cum.salon,suspend,"iftas:hate-speech;online-harassment;explicit-content, iftas:cariad80"
cunnyborea.space,suspend,"iftas:hate-speech;online-harassment;explicit-content, iftas:cariad66"
cunnyborea.top,suspend,"iftas:hate-speech;online-harassment;explicit-content, iftas:cariad80"
cutefunny.net,suspend,"iftas:hate-speech;spam, iftas:cariad80"
danonidon.azarakko.net,suspend,iftas:disinformation;cib;spam
decayable.ink,suspend,iftas:cariad66
detroitriotcity.com,suspend,"iftas:hate-speech;brigading;online-harassment, iftas:cariad80"
dni.invalid,suspend,iftas:canary
drinkanddrive.africa,suspend,iftas:explicit-content;tvec
eientei.org,suspend,"iftas:hate-speech;online-harassment, iftas:cariad80"
electroverse.tech,suspend,iftas:disinformation;cib;spam
elonsucks.org,suspend,iftas:explicit-content;spam
eveningzoo.club,suspend,"iftas:hate-speech;disinformation, iftas:cariad80"
fdel.moe,suspend,iftas:csam;explicit-content
floof.link,suspend,iftas:disinformation;cib;spam
formosa.aspa.idv.tw,suspend,iftas:disinformation;cib;spam
fr13nd5.com,suspend,iftas:cariad66
freak.university,suspend,iftas:cariad66
freeatlantis.com,suspend,"iftas:hate-speech;online-harassment;disinformation, iftas:cariad80"
freecumextremist.com,suspend,"iftas:hate-speech;online-harassment;explicit-content, iftas:cariad80"
freespeechextremist.com,suspend,"iftas:hate-speech;online-harassment;disinformation, iftas:cariad80"
frennet.xyz,suspend,iftas:cariad66
freysa.ai,suspend,iftas:cariad66
froth.zone,suspend,iftas:cariad66
fsebugoutzone.org,suspend,iftas:cariad66
gab.com,suspend,iftas:cariad80
gameliberty.club,suspend,"iftas:csam;explicit-content, iftas:cariad80"
gearlandia.haus,suspend,iftas:cariad66
gegenstimme.tv,suspend,iftas:hate-speech;disinformation
genderheretics.xyz,suspend,iftas:cariad80
geofront.rocks,suspend,iftas:cariad66
ghetti.monster,suspend,iftas:cariad66
gimmeloli.cc,suspend,iftas:csam;explicit-content
gleasonator.com,suspend,iftas:cariad66
glee.li,suspend,iftas:troll;online-harassment
glindr.org,suspend,iftas:cariad66
gs.leftic.club,suspend,iftas:disinformation;cib;spam
h5q.net,suspend,"iftas:csam, iftas:cariad66"
hentai.baby,suspend,"iftas:csam, iftas:cariad66"
hf.space,suspend,iftas:cariad66
hunk.city,suspend,iftas:cariad66
i.cancn.com,suspend,iftas:disinformation;cib;spam
iamveryti.red,suspend,iftas:disinformation;cib;spam
iddqd.social,suspend,iftas:cariad66
imastodon.blue,suspend,iftas:disinformation;cib;spam
imouto.exposed,suspend,iftas:csam
imouto.pics,suspend,iftas:csam
incestlovers.moe,suspend,iftas:csam
kbin.cafe,suspend,iftas:csam
kenfm.de,suspend,iftas:disinformation;hate-speech
kitsunemimi.club,suspend,iftas:cariad66
kittyy.mom,suspend,iftas:csam
kiwifarms.cc,suspend,"iftas:hate-speech;online-harassment, iftas:cariad80"
kiwifarms.is,suspend,iftas:hate-speech;online-harassment
kla.tv,suspend,iftas:disinformation;misinformation
leafposter.club,suspend,iftas:cariad66
liberdon.com,silence,"iftas:disinformation;cib;spam, iftas:cariad66"
loli.church,suspend,iftas:csam
lolicon.rocks,suspend,"iftas:csam, iftas:cariad80"
lolison.network,suspend,"iftas:csam, iftas:cariad66"
lolison.top,suspend,iftas:cariad66
lovingexpressions.net,suspend,iftas:cariad66
m.pupu.moe,suspend,iftas:disinformation;cib;spam
mapsupport.de,suspend,iftas:cariad66
mast-serv.site,suspend,iftas:spam;cib
mast.qixto.com,suspend,iftas:disinformation;cib;spam
mastinator.com,suspend,"iftas:service-abuse, iftas:cariad80"
mastodon.lithium03.info,silence,iftas:disinformation;cib;spam
merovingian.club,suspend,"iftas:hate-speech;disinformation;spam, iftas:cariad80"
mikumikudance.cloud,suspend,iftas:disinformation;cib;spam
misskey-forkbomb.cf,suspend,"iftas:service-abuse, iftas:cariad66"
mooo.com,suspend,iftas:cariad66
mostr.pub,suspend,iftas:cariad80
mstdn.at,suspend,iftas:disinformation;cib;spam
mstdn.beer,silence,iftas:disinformation;cib;spam
mstdn.gunma.jp,suspend,iftas:disinformation;cib;spam
mstdn.jp,silence,iftas:cariad66
mugicha.club,suspend,iftas:cariad80
natehiggers.online,suspend,"iftas:troll;online-harassment, iftas:cariad66"
nationalist.social,suspend,"iftas:hate-speech, iftas:cariad80"
nazi.social,suspend,iftas:cariad66
neckbeard.xyz,suspend,iftas:cariad66
nekosat.work,suspend,iftas:hate-speech
neomobius.com,suspend,iftas:csam
newsbeep.org,suspend,iftas:spam;farming
nicecrew.digital,suspend,"iftas:hate-speech;brigading;online-harassment, iftas:cariad80"
nnia.space,suspend,iftas:cariad66
noagendasocial.com,suspend,iftas:cariad80
noauthority.social,suspend,"iftas:hate-speech;disinformation, iftas:cariad80"
nobodyhasthe.biz,suspend,iftas:cariad66
norwoodzero.net,suspend,iftas:cariad66
nyanide.com,suspend,iftas:cariad66
obo.sh,suspend,"iftas:csam, iftas:cariad80"
outpoa.st,suspend,iftas:cariad66
parcero.bond,suspend,iftas:cariad80
parcero.casa,suspend,"iftas:hate-speech;online-harassment, iftas:cariad66"
pawoo.net,suspend,"iftas:csam, iftas:cariad80"
paxation.info,suspend,iftas:disinformation;cib;spam
pedo.school,suspend,"iftas:csam, iftas:cariad66"
peertube.se,suspend,iftas:tvec;hate-speech;dehumanisation;incitement;disinformation
pettanko.art,suspend,"iftas:csam, iftas:cariad66"
pieville.net,suspend,"iftas:hate-speech, iftas:cariad80"
poa.st,suspend,"iftas:hate-speech;online-harassment, iftas:cariad80"
poast.org,suspend,iftas:hate-speech;online-harassment
poast.tv,suspend,iftas:tvec
pol.social,silence,iftas:disinformation;cib;spam
pooper.social,suspend,iftas:cariad66
poster.place,suspend,"iftas:hate-speech;online-harassment, iftas:cariad80"
pravda.me,suspend,"iftas:disinformation;spam;cib, iftas:disinformation;cib;spam"
pubeurope.com,suspend,iftas:spam;farming
punipoka.pink,suspend,iftas:csam
querdenken-711.de,suspend,iftas:disinformation;misinformation
rape.pet,suspend,"iftas:csam, iftas:cariad66"
rapemeat.express,suspend,iftas:troll;online-harassment
rapemeat.solutions,suspend,"iftas:troll;online-harassment, iftas:cariad66"
rassilni.com,suspend,iftas:hate-speech;spam
ravergram.club,suspend,iftas:tvec;disinformation;hate-speech
rdrama.cc,suspend,"iftas:hate-speech;online-harassment, iftas:cariad66"
repl.co,suspend,"iftas:service-abuse;spam, iftas:cariad80"
rojogato.com,suspend,iftas:cariad66
runtube.re,suspend,iftas:disinformation
ryona.agency,suspend,"iftas:troll;online-harassment, iftas:cariad80"
schwartzwelt.xyz,suspend,iftas:cariad66
seal.cafe,suspend,"iftas:troll;online-harassment, iftas:cariad80"
seda.social,suspend,iftas:spam
shitpost.cloud,suspend,"iftas:hate-speech;online-harassment, iftas:cariad80"
shitposter.club,suspend,"iftas:hate-speech;explicit-content, iftas:cariad80"
shortstackran.ch,suspend,iftas:cariad66
shortstacksran.ch,suspend,iftas:cariad66
shota.house,suspend,"iftas:csam, iftas:cariad80"
shrimpposter.club,suspend,iftas:cariad66
sigmoid.social,silence,iftas:disinformation;cib;spam
silverbay.space,suspend,iftas:impersonation;disinformation;spam
skinheads.social,suspend,iftas:cariad66
sleepy.cafe,suspend,iftas:cariad66
smuglo.li,suspend,iftas:cariad66
sneed.social,suspend,iftas:cariad80
social.5th.ro,suspend,iftas:disinformation;cib;spam
social.freysa.ai,suspend,iftas:spam;cib
social.ludepress.com,suspend,iftas:disinformation;cib;spam
social.roadfm.fr,suspend,iftas:disinformation;cib;spam
social.sengeis.priv.at,suspend,iftas:disinformation;cib;spam
social.tsst.net,suspend,iftas:disinformation;cib;spam
spinster.xyz,suspend,iftas:cariad80
startrekshitposting.com,suspend,iftas:spam
strelizia.net,suspend,iftas:cariad66
swebbtv.se,suspend,iftas:hate-speech;disinformation
tastingtraffic.net,suspend,iftas:cariad66
technodon.org,suspend,iftas:disinformation;cib;spam
theater.im,suspend,iftas:spam;farming
todon.ploud.fr,suspend,iftas:disinformation;cib;spam
truthsocial.co.in,suspend,iftas:disinformation;cib;spam
tsundere.love,suspend,iftas:hate-speech;disinformation;online-harassment
tty0.social,suspend,iftas:disinformation;cib;spam
twi.social,suspend,iftas:csam
unipar.online,suspend,iftas:disinformation;cib;spam
varishangout.net,suspend,"iftas:csam;hate-speech;online-harassment, iftas:cariad80"
vigilante.tv,suspend,iftas:disinformation;misinformation
vive.im,silence,iftas:spam;farming
vonhaller.social,suspend,iftas:disinformation;cib;spam
webmasto.online,suspend,iftas:spam;cib
wolfgirl.bar,suspend,iftas:cariad80
xscape.club,suspend,iftas:csam;ncii
yggdrasil.social,suspend,"iftas:hate-speech, iftas:cariad80"
youjo.love,suspend,iftas:cariad66
